Person1,Person2,Similarity_Score,Category
222,19,0.24999999999999997,Hard
222,280,0.425,Normal
222,303,0.425,Normal
222,182,0.7625,Easy
222,4,0.7,Normal
222,63,0.6499999999999999,Normal
222,48,0.32499999999999996,Hard
222,3,0.1625,Hard
222,21,0.33749999999999997,Hard
222,8,0.5875,Normal
222,112,0.7875,Easy
222,201,0.24999999999999997,Hard
222,198,0.1625,Hard
222,130,0.33749999999999997,Hard
222,139,0.24999999999999997,Hard
222,178,0.1625,Hard
222,16,0.33749999999999997,Hard
222,94,0.33749999999999997,Hard
222,103,0.95,Easy
222,296,0.825,Easy
222,33,0.825,Easy
222,13,0.925,Easy
222,309,0.33749999999999997,Hard
222,257,0.6499999999999999,Normal
222,53,0.33749999999999997,Hard
222,135,0.6499999999999999,Normal
222,229,0.7999999999999998,Easy
222,132,0.36249999999999993,Hard
222,299,0.8124999999999999,Easy
222,111,0.5375,Normal
222,14,0.425,Normal
222,32,0.425,Normal
222,187,0.33749999999999997,Hard
222,80,0.775,Easy
222,314,0.775,Easy
222,306,0.425,Normal
222,211,0.24999999999999997,Hard
222,113,0.1625,Hard
222,208,0.425,Normal
222,56,0.6,Normal
222,254,0.8,Easy
222,305,0.825,Easy
222,221,0.33749999999999997,Hard
222,20,0.27499999999999997,Hard
222,176,0.33749999999999997,Hard
222,204,0.425,Normal
222,86,0.7374999999999999,Easy
222,29,0.6625000000000001,Normal
222,15,0.6499999999999999,Normal
222,249,0.625,Normal
222,243,0.6125,Normal
222,193,0.24999999999999997,Hard
222,55,0.6749999999999999,Normal
222,235,0.6,Normal
222,101,0.5125,Normal
222,301,0.24999999999999997,Hard
222,144,0.875,Easy
222,7,0.475,Normal
222,106,0.6,Normal
222,185,0.1625,Hard
222,308,0.1625,Hard
222,11,0.775,Easy
222,281,0.7374999999999999,Easy
19,280,0.6749999999999999,Normal
19,303,0.7749999999999999,Easy
19,182,0.525,Normal
19,4,0.475,Normal
19,63,0.475,Normal
19,48,0.775,Easy
19,3,0.7625,Easy
19,21,0.6625,Normal
19,8,0.38749999999999996,Hard
19,112,0.425,Normal
19,201,0.95,Easy
19,198,0.875,Easy
19,130,0.925,Easy
19,139,0.5125,Normal
19,178,0.5875,Normal
19,16,0.8999999999999999,Easy
19,94,0.9249999999999999,Easy
19,103,0.24999999999999997,Hard
19,296,0.4375,Normal
19,33,0.38749999999999996,Hard
19,13,0.24999999999999997,Hard
19,309,0.6875,Normal
19,257,0.525,Normal
19,53,0.6125,Normal
19,135,0.475,Normal
19,229,0.425,Normal
19,132,0.775,Easy
19,299,0.2125,Hard
19,111,0.3125,Hard
19,14,0.7499999999999999,Easy
19,32,0.6499999999999999,Normal
19,187,0.8999999999999999,Easy
19,80,0.45,Normal
19,314,0.4,Hard
19,306,0.7999999999999998,Easy
19,211,0.95,Easy
19,113,0.5625,Normal
19,208,0.7625,Easy
19,56,0.2375,Hard
19,254,0.3125,Hard
19,305,0.30000000000000004,Hard
19,221,0.8999999999999999,Easy
19,20,0.5125,Normal
19,176,0.825,Easy
19,204,0.6625000000000001,Normal
19,86,0.475,Normal
19,29,0.2125,Hard
19,15,0.2125,Hard
19,249,0.3125,Hard
19,243,0.33749999999999997,Hard
19,193,0.6125,Normal
19,55,0.2625,Hard
19,235,0.2625,Hard
19,101,0.525,Normal
19,301,0.5125,Normal
19,144,0.38749999999999996,Hard
19,7,0.7499999999999999,Easy
19,106,0.3125,Hard
19,185,0.8625,Easy
19,308,0.6625000000000001,Normal
19,11,0.4,Hard
19,281,0.2125,Hard
280,303,0.95,Easy
280,182,0.33749999999999997,Hard
280,4,0.24999999999999997,Hard
280,63,0.24999999999999997,Hard
280,48,0.7499999999999999,Easy
280,3,0.6625000000000001,Normal
280,21,0.6875,Normal
280,8,0.1625,Hard
280,112,0.33749999999999997,Hard
280,201,0.7249999999999999,Easy
280,198,0.7124999999999999,Easy
280,130,0.8374999999999999,Easy
280,139,0.6,Normal
280,178,0.6375000000000001,Normal
280,16,0.9125,Easy
280,94,0.7374999999999999,Easy
280,103,0.425,Normal
280,296,0.425,Normal
280,33,0.425,Normal
280,13,0.425,Normal
280,309,0.8624999999999999,Easy
280,257,0.24999999999999997,Hard
280,53,0.8875,Easy
280,135,0.24999999999999997,Hard
280,229,0.24999999999999997,Hard
280,132,0.8375,Easy
280,299,0.33749999999999997,Hard
280,111,0.2125,Hard
280,14,0.775,Easy
280,32,0.9249999999999999,Easy
280,187,0.8624999999999999,Easy
280,80,0.475,Normal
280,314,0.425,Normal
280,306,0.875,Easy
280,211,0.625,Normal
280,113,0.7124999999999999,Easy
280,208,0.9,Easy
280,56,0.375,Hard
280,254,0.425,Normal
280,305,0.425,Normal
280,221,0.8624999999999999,Easy
280,20,0.7499999999999999,Easy
280,176,0.7875,Easy
280,204,0.925,Easy
280,86,0.33749999999999997,Hard
280,29,0.1625,Hard
280,15,0.24999999999999997,Hard
280,249,0.30000000000000004,Hard
280,243,0.1625,Hard
280,193,0.7,Normal
280,55,0.24999999999999997,Hard
280,235,0.24999999999999997,Hard
280,101,0.1625,Hard
280,301,0.7,Normal
280,144,0.425,Normal
280,7,0.825,Easy
280,106,0.24999999999999997,Hard
280,185,0.5375,Normal
280,308,0.6625000000000001,Normal
280,11,0.475,Normal
280,281,0.33749999999999997,Hard
303,182,0.38749999999999996,Hard
303,4,0.24999999999999997,Hard
303,63,0.27499999999999997,Hard
303,48,0.6499999999999999,Normal
303,3,0.6125,Normal
303,21,0.7374999999999999,Easy
303,8,0.1625,Hard
303,112,0.33749999999999997,Hard
303,201,0.8249999999999998,Easy
303,198,0.6375000000000001,Normal
303,130,0.9125,Easy
303,139,0.6,Normal
303,178,0.7124999999999999,Easy
303,16,0.8624999999999999,Easy
303,94,0.7875,Easy
303,103,0.425,Normal
303,296,0.475,Normal
303,33,0.425,Normal
303,13,0.425,Normal
303,309,0.9125,Easy
303,257,0.30000000000000004,Hard
303,53,0.8374999999999999,Easy
303,135,0.24999999999999997,Hard
303,229,0.24999999999999997,Hard
303,132,0.7875,Easy
303,299,0.33749999999999997,Hard
303,111,0.2625,Hard
303,14,0.875,Easy
303,32,0.875,Easy
303,187,0.8875,Easy
303,80,0.575,Normal
303,314,0.525,Normal
303,306,0.9749999999999999,Easy
303,211,0.725,Easy
303,113,0.6125,Normal
303,208,0.9,Easy
303,56,0.425,Normal
303,254,0.475,Normal
303,305,0.425,Normal
303,221,0.8875,Easy
303,20,0.7,Normal
303,176,0.8375,Easy
303,204,0.9749999999999999,Easy
303,86,0.33749999999999997,Hard
303,29,0.1625,Hard
303,15,0.24999999999999997,Hard
303,249,0.35000000000000003,Hard
303,243,0.1625,Hard
303,193,0.7499999999999999,Easy
303,55,0.30000000000000004,Hard
303,235,0.30000000000000004,Hard
303,101,0.2125,Hard
303,301,0.6499999999999999,Normal
303,144,0.425,Normal
303,7,0.9249999999999999,Easy
303,106,0.30000000000000004,Hard
303,185,0.6375000000000001,Normal
303,308,0.7124999999999999,Easy
303,11,0.55,Normal
303,281,0.33749999999999997,Hard
182,4,0.8374999999999999,Easy
182,63,0.7875,Easy
182,48,0.4125,Normal
182,3,0.24999999999999997,Hard
182,21,0.4,Hard
182,8,0.8125,Easy
182,112,0.775,Easy
182,201,0.38749999999999996,Hard
182,198,0.33749999999999997,Hard
182,130,0.475,Normal
182,139,0.1625,Hard
182,178,0.1625,Hard
182,16,0.425,Normal
182,94,0.525,Normal
182,103,0.7249999999999999,Easy
182,296,0.9749999999999999,Easy
182,33,0.9249999999999999,Easy
182,13,0.8124999999999999,Easy
182,309,0.2125,Hard
182,257,0.9749999999999999,Easy
182,53,0.1625,Hard
182,135,0.875,Easy
182,229,0.7375,Easy
182,132,0.44999999999999996,Normal
182,299,0.7749999999999999,Easy
182,111,0.6375000000000001,Normal
182,14,0.4375,Normal
182,32,0.33749999999999997,Hard
182,187,0.475,Normal
182,80,0.7,Normal
182,314,0.7875,Easy
182,306,0.38749999999999996,Hard
182,211,0.4875,Normal
182,113,0.1625,Hard
182,208,0.33749999999999997,Hard
182,56,0.5625,Normal
182,254,0.7749999999999999,Easy
182,305,0.8375,Easy
182,221,0.425,Normal
182,20,0.1875,Hard
182,176,0.475,Normal
182,204,0.30000000000000004,Hard
182,86,0.875,Easy
182,29,0.6125,Normal
182,15,0.6125,Normal
182,249,0.6375000000000001,Normal
182,243,0.7374999999999999,Easy
182,193,0.2125,Hard
182,55,0.7374999999999999,Easy
182,235,0.6625,Normal
182,101,0.8375,Easy
182,301,0.1625,Hard
182,144,0.9749999999999999,Easy
182,7,0.4875,Normal
182,106,0.6625,Normal
182,185,0.35000000000000003,Hard
182,308,0.2125,Hard
182,11,0.7875,Easy
182,281,0.7,Normal
4,63,0.9249999999999999,Easy
4,48,0.475,Normal
4,3,0.425,Normal
4,21,0.28750000000000003,Hard
4,8,0.9999999999999999,Easy
4,112,0.6875,Normal
4,201,0.425,Normal
4,198,0.425,Normal
4,130,0.425,Normal
4,139,0.1625,Hard
4,178,0.1625,Hard
4,16,0.425,Normal
4,94,0.49999999999999994,Normal
4,103,0.6625000000000001,Normal
4,296,0.7749999999999999,Easy
4,33,0.7749999999999999,Easy
4,13,0.7749999999999999,Easy
4,309,0.1625,Hard
4,257,0.9999999999999999,Easy
4,53,0.1625,Hard
4,135,0.9249999999999999,Easy
4,229,0.8,Easy
4,132,0.4125,Normal
4,299,0.7124999999999999,Easy
4,111,0.6125,Normal
4,14,0.2375,Hard
4,32,0.1625,Hard
4,187,0.425,Normal
4,80,0.5625,Normal
4,314,0.5875,Normal
4,306,0.30000000000000004,Hard
4,211,0.525,Normal
4,113,0.1625,Hard
4,208,0.24999999999999997,Hard
4,56,0.5125,Normal
4,254,0.6625000000000001,Normal
4,305,0.6625,Normal
4,221,0.33749999999999997,Hard
4,20,0.21250000000000002,Hard
4,176,0.44999999999999996,Normal
4,204,0.1625,Hard
4,86,0.8375,Easy
4,29,0.6875,Normal
4,15,0.6625,Normal
4,249,0.6125,Normal
4,243,0.875,Easy
4,193,0.1625,Hard
4,55,0.7124999999999999,Easy
4,235,0.6375000000000001,Normal
4,101,0.925,Easy
4,301,0.1875,Hard
4,144,0.8625,Easy
4,7,0.2875,Hard
4,106,0.6375000000000001,Normal
4,185,0.4375,Normal
4,308,0.1625,Hard
4,11,0.5625,Normal
4,281,0.6875,Normal
63,48,0.425,Normal
63,3,0.425,Normal
63,21,0.2625,Hard
63,8,0.9249999999999999,Easy
63,112,0.6875,Normal
63,201,0.44999999999999996,Normal
63,198,0.425,Normal
63,130,0.36249999999999993,Hard
63,139,0.1625,Hard
63,178,0.21250000000000002,Hard
63,16,0.425,Normal
63,94,0.5249999999999999,Normal
63,103,0.6125,Normal
63,296,0.7,Normal
63,33,0.75,Easy
63,13,0.6625,Normal
63,309,0.1875,Hard
63,257,0.875,Easy
63,53,0.21250000000000002,Hard
63,135,0.9999999999999999,Easy
63,229,0.825,Easy
63,132,0.33749999999999997,Hard
63,299,0.6625,Normal
63,111,0.5875,Normal
63,14,0.2625,Hard
63,32,0.23750000000000002,Hard
63,187,0.425,Normal
63,80,0.6125,Normal
63,314,0.6125,Normal
63,306,0.3,Hard
63,211,0.5499999999999999,Normal
63,113,0.21250000000000002,Hard
63,208,0.32499999999999996,Hard
63,56,0.5875,Normal
63,254,0.5875,Normal
63,305,0.6125,Normal
63,221,0.33749999999999997,Hard
63,20,0.1875,Hard
63,176,0.475,Normal
63,204,0.21250000000000002,Hard
63,86,0.8375,Easy
63,29,0.6625,Normal
63,15,0.6625,Normal
63,249,0.5875,Normal
63,243,0.875,Easy
63,193,0.23750000000000002,Hard
63,55,0.6125,Normal
63,235,0.6625000000000001,Normal
63,101,0.9,Easy
63,301,0.21250000000000002,Hard
63,144,0.7875,Easy
63,7,0.1625,Hard
63,106,0.6125,Normal
63,185,0.5499999999999999,Normal
63,308,0.1875,Hard
63,11,0.6375,Normal
63,281,0.6875,Normal
48,3,0.875,Easy
48,21,0.5125,Normal
48,8,0.475,Normal
48,112,0.33749999999999997,Hard
48,201,0.825,Easy
48,198,0.875,Easy
48,130,0.7875,Easy
48,139,0.5125,Normal
48,178,0.6125,Normal
48,16,0.9249999999999999,Easy
48,94,0.775,Easy
48,103,0.23750000000000002,Hard
48,296,0.32499999999999996,Hard
48,33,0.24999999999999997,Hard
48,13,0.23750000000000002,Hard
48,309,0.5625,Normal
48,257,0.5,Normal
48,53,0.6625,Normal
48,135,0.425,Normal
48,229,0.475,Normal
48,132,0.8625,Easy
48,299,0.23750000000000002,Hard
48,111,0.2375,Hard
48,14,0.5125,Normal
48,32,0.6625,Normal
48,187,0.875,Easy
48,80,0.1625,Hard
48,314,0.1625,Hard
48,306,0.6499999999999999,Normal
48,211,0.775,Easy
48,113,0.6625,Normal
48,208,0.7,Normal
48,56,0.2625,Hard
48,254,0.1875,Hard
48,305,0.1625,Hard
48,221,0.7875,Easy
48,20,0.6875,Normal
48,176,0.875,Easy
48,204,0.5625,Normal
48,86,0.33749999999999997,Hard
48,29,0.21250000000000002,Hard
48,15,0.1625,Hard
48,249,0.2375,Hard
48,243,0.425,Normal
48,193,0.6125,Normal
48,55,0.23750000000000002,Hard
48,235,0.1625,Hard
48,101,0.44999999999999996,Normal
48,301,0.6125,Normal
48,144,0.38749999999999996,Hard
48,7,0.6125,Normal
48,106,0.1625,Hard
48,185,0.775,Easy
48,308,0.5625,Normal
48,11,0.1625,Hard
48,281,0.1875,Hard
3,21,0.5125,Normal
3,8,0.425,Normal
3,112,0.24999999999999997,Hard
3,201,0.875,Easy
3,198,0.95,Easy
3,130,0.7874999999999999,Easy
3,139,0.5125,Normal
3,178,0.5875,Normal
3,16,0.8624999999999999,Easy
3,94,0.6875,Normal
3,103,0.1625,Hard
3,296,0.1625,Hard
3,33,0.1625,Hard
3,13,0.1625,Hard
3,309,0.6125,Normal
3,257,0.33749999999999997,Hard
3,53,0.6375000000000001,Normal
3,135,0.33749999999999997,Hard
3,229,0.425,Normal
3,132,0.7,Normal
3,299,0.1625,Hard
3,111,0.1625,Hard
3,14,0.5125,Normal
3,32,0.6125,Normal
3,187,0.8124999999999999,Easy
3,80,0.1875,Hard
3,314,0.1625,Hard
3,306,0.5375,Normal
3,211,0.775,Easy
3,113,0.6875,Normal
3,208,0.5625,Normal
3,56,0.2125,Hard
3,254,0.1625,Hard
3,305,0.1625,Hard
3,221,0.7249999999999999,Easy
3,20,0.6125,Normal
3,176,0.7374999999999999,Easy
3,204,0.5875,Normal
3,86,0.24999999999999997,Hard
3,29,0.1625,Hard
3,15,0.1625,Hard
3,249,0.1625,Hard
3,243,0.425,Normal
3,193,0.5625,Normal
3,55,0.1625,Hard
3,235,0.1625,Hard
3,101,0.425,Normal
3,301,0.6625,Normal
3,144,0.24999999999999997,Hard
3,7,0.5125,Normal
3,106,0.1625,Hard
3,185,0.775,Easy
3,308,0.5875,Normal
3,11,0.1625,Hard
3,281,0.1625,Hard
21,8,0.3125,Hard
21,112,0.24999999999999997,Hard
21,201,0.5625,Normal
21,198,0.5625,Normal
21,130,0.6499999999999999,Normal
21,139,0.6875,Normal
21,178,0.6749999999999999,Normal
21,16,0.6,Normal
21,94,0.8249999999999998,Easy
21,103,0.475,Normal
21,296,0.5125,Normal
21,33,0.5125,Normal
21,13,0.49999999999999994,Normal
21,309,0.825,Easy
21,257,0.33749999999999997,Hard
21,53,0.775,Easy
21,135,0.3125,Hard
21,229,0.1625,Hard
21,132,0.6499999999999999,Normal
21,299,0.475,Normal
21,111,0.5125,Normal
21,14,0.9999999999999999,Easy
21,32,0.825,Easy
21,187,0.5625,Normal
21,80,0.5750000000000001,Normal
21,314,0.65,Normal
21,306,0.7875,Easy
21,211,0.6875,Normal
21,113,0.6,Normal
21,208,0.7625,Easy
21,56,0.4124999999999999,Normal
21,254,0.625,Normal
21,305,0.525,Normal
21,221,0.6499999999999999,Normal
21,20,0.7375,Easy
21,176,0.7249999999999999,Easy
21,204,0.825,Easy
21,86,0.35000000000000003,Hard
21,29,0.325,Hard
21,15,0.38749999999999996,Hard
21,249,0.575,Normal
21,243,0.2125,Hard
21,193,0.875,Easy
21,55,0.4875,Normal
21,235,0.65,Normal
21,101,0.38749999999999996,Hard
21,301,0.7625,Easy
21,144,0.35000000000000003,Hard
21,7,0.9,Easy
21,106,0.5625,Normal
21,185,0.6875,Normal
21,308,0.6499999999999999,Normal
21,11,0.625,Normal
21,281,0.6,Normal
8,112,0.6,Normal
8,201,0.425,Normal
8,198,0.425,Normal
8,130,0.33749999999999997,Hard
8,139,0.1625,Hard
8,178,0.1625,Hard
8,16,0.33749999999999997,Hard
8,94,0.43749999999999994,Normal
8,103,0.6625000000000001,Normal
8,296,0.75,Easy
8,33,0.7749999999999999,Easy
8,13,0.6625000000000001,Normal
8,309,0.1625,Hard
8,257,0.8875,Easy
8,53,0.1625,Hard
8,135,0.8625,Easy
8,229,0.775,Easy
8,132,0.32499999999999996,Hard
8,299,0.6875,Normal
8,111,0.6125,Normal
8,14,0.2375,Hard
8,32,0.1875,Hard
8,187,0.33749999999999997,Hard
8,80,0.5625,Normal
8,314,0.6125,Normal
8,306,0.2125,Hard
8,211,0.525,Normal
8,113,0.1625,Hard
8,208,0.1625,Hard
8,56,0.5125,Normal
8,254,0.6875,Normal
8,305,0.6625,Normal
8,221,0.33749999999999997,Hard
8,20,0.21250000000000002,Hard
8,176,0.36249999999999993,Hard
8,204,0.1625,Hard
8,86,0.7499999999999999,Easy
8,29,0.6875,Normal
8,15,0.6625,Normal
8,249,0.6375,Normal
8,243,0.875,Easy
8,193,0.1875,Hard
8,55,0.6875,Normal
8,235,0.6625000000000001,Normal
8,101,0.925,Easy
8,301,0.1875,Hard
8,144,0.7499999999999999,Easy
8,7,0.2625,Hard
8,106,0.6625000000000001,Normal
8,185,0.475,Normal
8,308,0.1625,Hard
8,11,0.5625,Normal
8,281,0.7124999999999999,Easy
112,201,0.33749999999999997,Hard
112,198,0.33749999999999997,Hard
112,130,0.425,Normal
112,139,0.1625,Hard
112,178,0.1625,Hard
112,16,0.425,Normal
112,94,0.425,Normal
112,103,0.7374999999999999,Easy
112,296,0.775,Easy
112,33,0.775,Easy
112,13,0.6875,Normal
112,309,0.1625,Hard
112,257,0.775,Easy
112,53,0.1625,Hard
112,135,0.775,Easy
112,229,0.8375,Easy
112,132,0.425,Normal
112,299,0.6,Normal
112,111,0.5125,Normal
112,14,0.33749999999999997,Hard
112,32,0.33749999999999997,Hard
112,187,0.425,Normal
112,80,0.6875,Normal
112,314,0.6875,Normal
112,306,0.33749999999999997,Hard
112,211,0.33749999999999997,Hard
112,113,0.1625,Hard
112,208,0.425,Normal
112,56,0.5125,Normal
112,254,0.6,Normal
112,305,0.7375,Easy
112,221,0.425,Normal
112,20,0.1625,Hard
112,176,0.425,Normal
112,204,0.24999999999999997,Hard
112,86,0.775,Easy
112,29,0.5125,Normal
112,15,0.5125,Normal
112,249,0.5125,Normal
112,243,0.6499999999999999,Normal
112,193,0.1625,Hard
112,55,0.5125,Normal
112,235,0.5125,Normal
112,101,0.6875,Normal
112,301,0.1625,Hard
112,144,0.775,Easy
112,7,0.33749999999999997,Hard
112,106,0.5125,Normal
112,185,0.24999999999999997,Hard
112,308,0.1625,Hard
112,11,0.6875,Normal
112,281,0.6,Normal
201,198,0.9,Easy
201,130,0.9125,Easy
201,139,0.5125,Normal
201,178,0.6625000000000001,Normal
201,16,0.8624999999999999,Easy
201,94,0.7875,Easy
201,103,0.1625,Hard
201,296,0.30000000000000004,Hard
201,33,0.30000000000000004,Hard
201,13,0.1625,Hard
201,309,0.7374999999999999,Easy
201,257,0.475,Normal
201,53,0.6625000000000001,Normal
201,135,0.44999999999999996,Normal
201,229,0.425,Normal
201,132,0.7374999999999999,Easy
201,299,0.1625,Hard
201,111,0.2625,Hard
201,14,0.6125,Normal
201,32,0.6375000000000001,Normal
201,187,0.9749999999999999,Easy
201,80,0.3125,Hard
201,314,0.2625,Hard
201,306,0.7999999999999998,Easy
201,211,0.9,Easy
201,113,0.6125,Normal
201,208,0.725,Easy
201,56,0.33749999999999997,Hard
201,254,0.2625,Hard
201,305,0.2125,Hard
201,221,0.8374999999999999,Easy
201,20,0.5625,Normal
201,176,0.8375,Easy
201,204,0.7124999999999999,Easy
201,86,0.33749999999999997,Hard
201,29,0.1625,Hard
201,15,0.1625,Hard
201,249,0.2625,Hard
201,243,0.425,Normal
201,193,0.6625,Normal
201,55,0.2125,Hard
201,235,0.2125,Hard
201,101,0.475,Normal
201,301,0.5125,Normal
201,144,0.38749999999999996,Hard
201,7,0.6625,Normal
201,106,0.2625,Hard
201,185,0.9,Easy
201,308,0.7374999999999999,Easy
201,11,0.28750000000000003,Hard
201,281,0.1625,Hard
198,130,0.8125,Easy
198,139,0.5125,Normal
198,178,0.6625,Normal
198,16,0.8875,Easy
198,94,0.7374999999999999,Easy
198,103,0.1625,Hard
198,296,0.24999999999999997,Hard
198,33,0.24999999999999997,Hard
198,13,0.1625,Hard
198,309,0.6625000000000001,Normal
198,257,0.425,Normal
198,53,0.6875,Normal
198,135,0.425,Normal
198,229,0.425,Normal
198,132,0.8375,Easy
198,299,0.1625,Hard
198,111,0.2125,Hard
198,14,0.5625,Normal
198,32,0.6625,Normal
198,187,0.8875,Easy
198,80,0.2375,Hard
198,314,0.2125,Hard
198,306,0.6375000000000001,Normal
198,211,0.825,Easy
198,113,0.6375000000000001,Normal
198,208,0.7499999999999999,Easy
198,56,0.3125,Hard
198,254,0.2125,Hard
198,305,0.1625,Hard
198,221,0.9125,Easy
198,20,0.6125,Normal
198,176,0.8375,Easy
198,204,0.6375000000000001,Normal
198,86,0.33749999999999997,Hard
198,29,0.1625,Hard
198,15,0.1625,Hard
198,249,0.2125,Hard
198,243,0.425,Normal
198,193,0.6625,Normal
198,55,0.1625,Hard
198,235,0.1625,Hard
198,101,0.425,Normal
198,301,0.5625,Normal
198,144,0.24999999999999997,Hard
198,7,0.6125,Normal
198,106,0.2125,Hard
198,185,0.825,Easy
198,308,0.6375000000000001,Normal
198,11,0.2125,Hard
198,281,0.1625,Hard
130,139,0.5125,Normal
130,178,0.7124999999999999,Easy
130,16,0.925,Easy
130,94,0.875,Easy
130,103,0.24999999999999997,Hard
130,296,0.38749999999999996,Hard
130,33,0.33749999999999997,Hard
130,13,0.33749999999999997,Hard
130,309,0.7374999999999999,Easy
130,257,0.475,Normal
130,53,0.6875,Normal
130,135,0.44999999999999996,Normal
130,229,0.33749999999999997,Hard
130,132,0.875,Easy
130,299,0.24999999999999997,Hard
130,111,0.2625,Hard
130,14,0.7,Normal
130,32,0.725,Easy
130,187,0.9749999999999999,Easy
130,80,0.42500000000000004,Normal
130,314,0.35000000000000003,Hard
130,306,0.8624999999999999,Easy
130,211,0.875,Easy
130,113,0.6375,Normal
130,208,0.8625,Easy
130,56,0.3625,Hard
130,254,0.30000000000000004,Hard
130,305,0.24999999999999997,Hard
130,221,0.9749999999999999,Easy
130,20,0.6125,Normal
130,176,0.9249999999999999,Easy
130,204,0.8249999999999998,Easy
130,86,0.425,Normal
130,29,0.1625,Hard
130,15,0.1625,Hard
130,249,0.2625,Hard
130,243,0.33749999999999997,Hard
130,193,0.6875,Normal
130,55,0.2125,Hard
130,235,0.2125,Hard
130,101,0.38749999999999996,Hard
130,301,0.5625,Normal
130,144,0.425,Normal
130,7,0.7,Normal
130,106,0.2125,Hard
130,185,0.7,Normal
130,308,0.7374999999999999,Easy
130,11,0.375,Hard
130,281,0.24999999999999997,Hard
139,178,0.775,Easy
139,16,0.5125,Normal
139,94,0.5125,Normal
139,103,0.24999999999999997,Hard
139,296,0.1625,Hard
139,33,0.1625,Hard
139,13,0.24999999999999997,Hard
139,309,0.775,Easy
139,257,0.1625,Hard
139,53,0.775,Easy
139,135,0.1625,Hard
139,229,0.1625,Hard
139,132,0.5125,Normal
139,299,0.33749999999999997,Hard
139,111,0.425,Normal
139,14,0.6,Normal
139,32,0.6,Normal
139,187,0.5125,Normal
139,80,0.24999999999999997,Hard
139,314,0.24999999999999997,Hard
139,306,0.6,Normal
139,211,0.5125,Normal
139,113,0.775,Easy
139,208,0.5125,Normal
139,56,0.425,Normal
139,254,0.33749999999999997,Hard
139,305,0.24999999999999997,Hard
139,221,0.5125,Normal
139,20,0.775,Easy
139,176,0.5125,Normal
139,204,0.6875,Normal
139,86,0.1625,Hard
139,29,0.425,Normal
139,15,0.425,Normal
139,249,0.425,Normal
139,243,0.1625,Hard
139,193,0.775,Easy
139,55,0.425,Normal
139,235,0.425,Normal
139,101,0.1625,Hard
139,301,0.775,Easy
139,144,0.1625,Hard
139,7,0.6,Normal
139,106,0.425,Normal
139,185,0.5125,Normal
139,308,0.775,Easy
139,11,0.24999999999999997,Hard
139,281,0.33749999999999997,Hard
178,16,0.6875,Normal
178,94,0.5875,Normal
178,103,0.24999999999999997,Hard
178,296,0.2125,Hard
178,33,0.1875,Hard
178,13,0.1625,Hard
178,309,0.8625,Easy
178,257,0.1625,Hard
178,53,0.9125,Easy
178,135,0.21250000000000002,Hard
178,229,0.1625,Hard
178,132,0.6125,Normal
178,299,0.24999999999999997,Hard
178,111,0.525,Normal
178,14,0.6749999999999999,Normal
178,32,0.7999999999999998,Easy
178,187,0.6875,Normal
178,80,0.375,Hard
178,314,0.325,Hard
178,306,0.6625000000000001,Normal
178,211,0.6375,Normal
178,113,0.95,Easy
178,208,0.7374999999999999,Easy
178,56,0.5625,Normal
178,254,0.30000000000000004,Hard
178,305,0.24999999999999997,Hard
178,221,0.6875,Normal
178,20,0.7875,Easy
178,176,0.6875,Normal
178,204,0.8249999999999998,Easy
178,86,0.1625,Hard
178,29,0.425,Normal
178,15,0.33749999999999997,Hard
178,249,0.4375,Normal
178,243,0.1625,Hard
178,193,0.8875,Easy
178,55,0.425,Normal
178,235,0.36249999999999993,Hard
178,101,0.2375,Hard
178,301,0.85,Easy
178,144,0.1625,Hard
178,7,0.7,Normal
178,106,0.49999999999999994,Normal
178,185,0.6375,Normal
178,308,0.9749999999999999,Easy
178,11,0.35000000000000003,Hard
178,281,0.27499999999999997,Hard
16,94,0.825,Easy
16,103,0.24999999999999997,Hard
16,296,0.33749999999999997,Hard
16,33,0.33749999999999997,Hard
16,13,0.24999999999999997,Hard
16,309,0.6875,Normal
16,257,0.425,Normal
16,53,0.7124999999999999,Easy
16,135,0.425,Normal
16,229,0.33749999999999997,Hard
16,132,0.9249999999999999,Easy
16,299,0.24999999999999997,Hard
16,111,0.2125,Hard
16,14,0.6499999999999999,Normal
16,32,0.7499999999999999,Easy
16,187,0.95,Easy
16,80,0.35000000000000003,Hard
16,314,0.30000000000000004,Hard
16,306,0.7874999999999999,Easy
16,211,0.8,Easy
16,113,0.7124999999999999,Easy
16,208,0.8625,Easy
16,56,0.28750000000000003,Hard
16,254,0.24999999999999997,Hard
16,305,0.24999999999999997,Hard
16,221,0.9999999999999999,Easy
16,20,0.6625,Normal
16,176,0.875,Easy
16,204,0.75,Easy
16,86,0.425,Normal
16,29,0.1625,Hard
16,15,0.1625,Hard
16,249,0.2125,Hard
16,243,0.33749999999999997,Hard
16,193,0.6125,Normal
16,55,0.1625,Hard
16,235,0.1625,Hard
16,101,0.33749999999999997,Hard
16,301,0.6125,Normal
16,144,0.425,Normal
16,7,0.6499999999999999,Normal
16,106,0.1625,Hard
16,185,0.7625,Easy
16,308,0.6625000000000001,Normal
16,11,0.30000000000000004,Hard
16,281,0.24999999999999997,Hard
94,103,0.24999999999999997,Hard
94,296,0.46249999999999997,Normal
94,33,0.4624999999999999,Normal
94,13,0.27499999999999997,Hard
94,309,0.6125,Normal
94,257,0.55,Normal
94,53,0.5625,Normal
94,135,0.5249999999999999,Normal
94,229,0.33749999999999997,Hard
94,132,0.875,Easy
94,299,0.30000000000000004,Hard
94,111,0.3625,Hard
94,14,0.8249999999999998,Easy
94,32,0.7,Normal
94,187,0.875,Easy
94,80,0.4,Hard
94,314,0.475,Normal
94,306,0.8375,Easy
94,211,0.95,Easy
94,113,0.5375,Normal
94,208,0.7625,Easy
94,56,0.28750000000000003,Hard
94,254,0.45,Normal
94,305,0.30000000000000004,Hard
94,221,0.825,Easy
94,20,0.5625,Normal
94,176,0.95,Easy
94,204,0.7,Normal
94,86,0.475,Normal
94,29,0.2375,Hard
94,15,0.2125,Hard
94,249,0.3625,Hard
94,243,0.33749999999999997,Hard
94,193,0.6625000000000001,Normal
94,55,0.2625,Hard
94,235,0.3375,Hard
94,101,0.5125,Normal
94,301,0.5875,Normal
94,144,0.475,Normal
94,7,0.7749999999999999,Easy
94,106,0.38749999999999996,Hard
94,185,0.8625,Easy
94,308,0.6125,Normal
94,11,0.45,Normal
94,281,0.375,Hard
103,296,0.8124999999999999,Easy
103,33,0.7875,Easy
103,13,0.9999999999999999,Easy
103,309,0.33749999999999997,Hard
103,257,0.7249999999999999,Easy
103,53,0.33749999999999997,Hard
103,135,0.7,Normal
103,229,0.5875,Normal
103,132,0.38749999999999996,Hard
103,299,0.95,Easy
103,111,0.625,Normal
103,14,0.425,Normal
103,32,0.425,Normal
103,187,0.24999999999999997,Hard
103,80,0.775,Easy
103,314,0.8,Easy
103,306,0.425,Normal
103,211,0.1625,Hard
103,113,0.24999999999999997,Hard
103,208,0.425,Normal
103,56,0.6875,Normal
103,254,0.85,Easy
103,305,0.875,Easy
103,221,0.24999999999999997,Hard
103,20,0.36249999999999993,Hard
103,176,0.24999999999999997,Hard
103,204,0.425,Normal
103,86,0.7875,Easy
103,29,0.7999999999999998,Easy
103,15,0.8375,Easy
103,249,0.7125,Easy
103,243,0.6625,Normal
103,193,0.33749999999999997,Hard
103,55,0.8124999999999999,Easy
103,235,0.7374999999999999,Easy
103,101,0.5875,Normal
103,301,0.24999999999999997,Hard
103,144,0.8125,Easy
103,7,0.475,Normal
103,106,0.6499999999999999,Normal
103,185,0.1625,Hard
103,308,0.24999999999999997,Hard
103,11,0.775,Easy
103,281,0.9,Easy
296,33,0.875,Easy
296,13,0.8999999999999999,Easy
296,309,0.30000000000000004,Hard
296,257,0.9125,Easy
296,53,0.24999999999999997,Hard
296,135,0.7875,Easy
296,229,0.625,Normal
296,132,0.475,Normal
296,299,0.8374999999999999,Easy
296,111,0.6375000000000001,Normal
296,14,0.525,Normal
296,32,0.425,Normal
296,187,0.38749999999999996,Hard
296,80,0.8375,Easy
296,314,0.95,Easy
296,306,0.525,Normal
296,211,0.4,Hard
296,113,0.1625,Hard
296,208,0.425,Normal
296,56,0.6499999999999999,Normal
296,254,0.8875,Easy
296,305,0.875,Easy
296,221,0.475,Normal
296,20,0.27499999999999997,Hard
296,176,0.38749999999999996,Hard
296,204,0.38749999999999996,Hard
296,86,0.875,Easy
296,29,0.6375,Normal
296,15,0.7,Normal
296,249,0.75,Easy
296,243,0.6499999999999999,Normal
296,193,0.30000000000000004,Hard
296,55,0.7999999999999998,Easy
296,235,0.7749999999999999,Easy
296,101,0.7749999999999999,Easy
296,301,0.1625,Hard
296,144,0.9,Easy
296,7,0.6,Normal
296,106,0.6875,Normal
296,185,0.3125,Hard
296,308,0.2125,Hard
296,11,0.875,Easy
296,281,0.8125,Easy
33,13,0.875,Easy
33,309,0.24999999999999997,Hard
33,257,0.8375,Easy
33,53,0.27499999999999997,Hard
33,135,0.9125,Easy
33,229,0.6,Normal
33,132,0.44999999999999996,Normal
33,299,0.7875,Easy
33,111,0.6125,Normal
33,14,0.6,Normal
33,32,0.5,Normal
33,187,0.33749999999999997,Hard
33,80,0.8125,Easy
33,314,0.925,Easy
33,306,0.49999999999999994,Normal
33,211,0.4,Hard
33,113,0.1875,Hard
33,208,0.475,Normal
33,56,0.6499999999999999,Normal
33,254,0.8374999999999999,Easy
33,305,0.9249999999999999,Easy
33,221,0.425,Normal
33,20,0.3,Hard
33,176,0.4125,Normal
33,204,0.36249999999999993,Hard
33,86,0.9249999999999999,Easy
33,29,0.6375000000000001,Normal
33,15,0.7,Normal
33,249,0.7,Normal
33,243,0.7,Normal
33,193,0.32499999999999996,Hard
33,55,0.7499999999999999,Easy
33,235,0.8249999999999998,Easy
33,101,0.75,Easy
33,301,0.23750000000000002,Hard
33,144,0.9249999999999999,Easy
33,7,0.49999999999999994,Normal
33,106,0.6875,Normal
33,185,0.3125,Hard
33,308,0.1875,Hard
33,11,0.875,Easy
33,281,0.8875,Easy
13,309,0.33749999999999997,Hard
13,257,0.7749999999999999,Easy
13,53,0.33749999999999997,Hard
13,135,0.7,Normal
13,229,0.5875,Normal
13,132,0.38749999999999996,Hard
13,299,0.9749999999999999,Easy
13,111,0.625,Normal
13,14,0.475,Normal
13,32,0.425,Normal
13,187,0.24999999999999997,Hard
13,80,0.825,Easy
13,314,0.85,Easy
13,306,0.425,Normal
13,211,0.30000000000000004,Hard
13,113,0.24999999999999997,Hard
13,208,0.425,Normal
13,56,0.6875,Normal
13,254,0.85,Easy
13,305,0.875,Easy
13,221,0.33749999999999997,Hard
13,20,0.36249999999999993,Hard
13,176,0.24999999999999997,Hard
13,204,0.425,Normal
13,86,0.8375,Easy
13,29,0.7999999999999998,Easy
13,15,0.8375,Easy
13,249,0.7375,Easy
13,243,0.6625,Normal
13,193,0.33749999999999997,Hard
13,55,0.7749999999999999,Easy
13,235,0.7625,Easy
13,101,0.5875,Normal
13,301,0.24999999999999997,Hard
13,144,0.8125,Easy
13,7,0.5,Normal
13,106,0.6749999999999999,Normal
13,185,0.2125,Hard
13,308,0.24999999999999997,Hard
13,11,0.775,Easy
13,281,0.95,Easy
309,257,0.2125,Hard
309,53,0.925,Easy
309,135,0.1625,Hard
309,229,0.1625,Hard
309,132,0.6125,Normal
309,299,0.425,Normal
309,111,0.4375,Normal
309,14,0.7875,Easy
309,32,0.7875,Easy
309,187,0.7374999999999999,Easy
309,80,0.4875,Normal
309,314,0.4375,Normal
309,306,0.8875,Easy
309,211,0.5875,Normal
309,113,0.7874999999999999,Easy
309,208,0.725,Easy
309,56,0.6000000000000001,Normal
309,254,0.475,Normal
309,305,0.33749999999999997,Hard
309,221,0.7374999999999999,Easy
309,20,0.875,Easy
309,176,0.6625,Normal
309,204,0.9749999999999999,Easy
309,86,0.1625,Hard
309,29,0.33749999999999997,Hard
309,15,0.425,Normal
309,249,0.525,Normal
309,243,0.1625,Hard
309,193,0.9249999999999999,Easy
309,55,0.475,Normal
309,235,0.475,Normal
309,101,0.2125,Hard
309,301,0.825,Easy
309,144,0.24999999999999997,Hard
309,7,0.8375,Easy
309,106,0.475,Normal
309,185,0.6375000000000001,Normal
309,308,0.8875,Easy
309,11,0.46249999999999997,Normal
309,281,0.425,Normal
257,53,0.1625,Hard
257,135,0.9249999999999999,Easy
257,229,0.8,Easy
257,132,0.475,Normal
257,299,0.6625000000000001,Normal
257,111,0.6375000000000001,Normal
257,14,0.35000000000000003,Hard
257,32,0.24999999999999997,Hard
257,187,0.425,Normal
257,80,0.7,Normal
257,314,0.725,Easy
257,306,0.30000000000000004,Hard
257,211,0.525,Normal
257,113,0.1625,Hard
257,208,0.33749999999999997,Hard
257,56,0.5125,Normal
257,254,0.6625000000000001,Normal
257,305,0.7499999999999999,Easy
257,221,0.425,Normal
257,20,0.1875,Hard
257,176,0.425,Normal
257,204,0.2125,Hard
257,86,0.875,Easy
257,29,0.6875,Normal
257,15,0.6125,Normal
257,249,0.6625000000000001,Normal
257,243,0.7374999999999999,Easy
257,193,0.1625,Hard
257,55,0.7124999999999999,Easy
257,235,0.6875,Normal
257,101,0.95,Easy
257,301,0.1625,Hard
257,144,0.8625,Easy
257,7,0.375,Hard
257,106,0.6375000000000001,Normal
257,185,0.4375,Normal
257,308,0.2125,Hard
257,11,0.7,Normal
257,281,0.6375000000000001,Normal
53,135,0.1875,Hard
53,229,0.1625,Hard
53,132,0.6625,Normal
53,299,0.425,Normal
53,111,0.38749999999999996,Hard
53,14,0.7625,Easy
53,32,0.8625,Easy
53,187,0.6375000000000001,Normal
53,80,0.4624999999999999,Normal
53,314,0.38749999999999996,Hard
53,306,0.8124999999999999,Easy
53,211,0.5625,Normal
53,113,0.9125,Easy
53,208,0.7999999999999998,Easy
53,56,0.575,Normal
53,254,0.425,Normal
53,305,0.33749999999999997,Hard
53,221,0.6875,Normal
53,20,0.9249999999999999,Easy
53,176,0.6375000000000001,Normal
53,204,0.95,Easy
53,86,0.1625,Hard
53,29,0.33749999999999997,Hard
53,15,0.425,Normal
53,249,0.475,Normal
53,243,0.1625,Hard
53,193,0.9,Easy
53,55,0.425,Normal
53,235,0.44999999999999996,Normal
53,101,0.1625,Hard
53,301,0.9,Easy
53,144,0.24999999999999997,Hard
53,7,0.7374999999999999,Easy
53,106,0.425,Normal
53,185,0.6125,Normal
53,308,0.8624999999999999,Easy
53,11,0.43749999999999994,Normal
53,281,0.425,Normal
135,229,0.775,Easy
135,132,0.44999999999999996,Normal
135,299,0.6625,Normal
135,111,0.5875,Normal
135,14,0.375,Hard
135,32,0.32499999999999996,Hard
135,187,0.425,Normal
135,80,0.6749999999999999,Normal
135,314,0.7,Normal
135,306,0.325,Hard
135,211,0.575,Normal
135,113,0.1875,Hard
135,208,0.38749999999999996,Hard
135,56,0.5625,Normal
135,254,0.6375000000000001,Normal
135,305,0.7499999999999999,Easy
135,221,0.425,Normal
135,20,0.1875,Hard
135,176,0.5,Normal
135,204,0.1875,Hard
135,86,0.9249999999999999,Easy
135,29,0.6125,Normal
135,15,0.6625,Normal
135,249,0.5875,Normal
135,243,0.7875,Easy
135,193,0.23750000000000002,Hard
135,55,0.6625,Normal
135,235,0.6625000000000001,Normal
135,101,0.925,Easy
135,301,0.23750000000000002,Hard
135,144,0.8375,Easy
135,7,0.30000000000000004,Hard
135,106,0.6625000000000001,Normal
135,185,0.43749999999999994,Normal
135,308,0.1875,Hard
135,11,0.7249999999999999,Easy
135,281,0.7124999999999999,Easy
229,132,0.33749999999999997,Hard
229,299,0.6125,Normal
229,111,0.5125,Normal
229,14,0.1625,Hard
229,32,0.1625,Hard
229,187,0.425,Normal
229,80,0.5125,Normal
229,314,0.5125,Normal
229,306,0.24999999999999997,Hard
229,211,0.425,Normal
229,113,0.1625,Hard
229,208,0.24999999999999997,Hard
229,56,0.5125,Normal
229,254,0.5125,Normal
229,305,0.5125,Normal
229,221,0.33749999999999997,Hard
229,20,0.1625,Hard
229,176,0.33749999999999997,Hard
229,204,0.1625,Hard
229,86,0.7374999999999999,Easy
229,29,0.5875,Normal
229,15,0.5625,Normal
229,249,0.5125,Normal
229,243,0.825,Easy
229,193,0.1625,Hard
229,55,0.5625,Normal
229,235,0.5125,Normal
229,101,0.775,Easy
229,301,0.1625,Hard
229,144,0.7625,Easy
229,7,0.1875,Hard
229,106,0.5125,Normal
229,185,0.425,Normal
229,308,0.1625,Hard
229,11,0.5125,Normal
229,281,0.5125,Normal
132,299,0.27499999999999997,Hard
132,111,0.2875,Hard
132,14,0.7125,Easy
132,32,0.8625,Easy
132,187,0.875,Easy
132,80,0.33749999999999997,Hard
132,314,0.38749999999999996,Hard
132,306,0.7374999999999999,Easy
132,211,0.6875,Normal
132,113,0.6625,Normal
132,208,0.875,Easy
132,56,0.2625,Hard
132,254,0.32499999999999996,Hard
132,305,0.33749999999999997,Hard
132,221,0.875,Easy
132,20,0.7374999999999999,Easy
132,176,0.9,Easy
132,204,0.7,Normal
132,86,0.425,Normal
132,29,0.23750000000000002,Hard
132,15,0.1625,Hard
132,249,0.2875,Hard
132,243,0.24999999999999997,Hard
132,193,0.6375000000000001,Normal
132,55,0.1875,Hard
132,235,0.21250000000000002,Hard
132,101,0.38749999999999996,Hard
132,301,0.6375000000000001,Normal
132,144,0.425,Normal
132,7,0.7874999999999999,Easy
132,106,0.21250000000000002,Hard
132,185,0.6,Normal
132,308,0.6125,Normal
132,11,0.4124999999999999,Normal
132,281,0.3,Hard
299,111,0.7625,Easy
299,14,0.475,Normal
299,32,0.425,Normal
299,187,0.1625,Hard
299,80,0.825,Easy
299,314,0.825,Easy
299,306,0.33749999999999997,Hard
299,211,0.2125,Hard
299,113,0.24999999999999997,Hard
299,208,0.33749999999999997,Hard
299,56,0.6875,Normal
299,254,0.85,Easy
299,305,0.875,Easy
299,221,0.24999999999999997,Hard
299,20,0.36249999999999993,Hard
299,176,0.24999999999999997,Hard
299,204,0.425,Normal
299,86,0.7499999999999999,Easy
299,29,0.7999999999999998,Easy
299,15,0.8375,Easy
299,249,0.85,Easy
299,243,0.6125,Normal
299,193,0.425,Normal
299,55,0.8624999999999999,Easy
299,235,0.875,Easy
299,101,0.6125,Normal
299,301,0.33749999999999997,Hard
299,144,0.75,Easy
299,7,0.475,Normal
299,106,0.7374999999999999,Easy
299,185,0.2125,Hard
299,308,0.24999999999999997,Hard
299,11,0.825,Easy
299,281,0.9249999999999999,Easy
111,14,0.45,Normal
111,32,0.325,Hard
111,187,0.2625,Hard
111,80,0.7499999999999999,Easy
111,314,0.8249999999999998,Easy
111,306,0.3125,Hard
111,211,0.33749999999999997,Hard
111,113,0.475,Normal
111,208,0.2375,Hard
111,56,0.9,Easy
111,254,0.8249999999999998,Easy
111,305,0.6499999999999999,Normal
111,221,0.2625,Hard
111,20,0.5499999999999999,Normal
111,176,0.3125,Hard
111,204,0.35000000000000003,Hard
111,86,0.5625,Normal
111,29,0.825,Easy
111,15,0.825,Easy
111,249,0.9999999999999999,Easy
111,243,0.5125,Normal
111,193,0.575,Normal
111,55,0.9,Easy
111,235,0.925,Easy
111,101,0.6875,Normal
111,301,0.475,Normal
111,144,0.5625,Normal
111,7,0.45,Normal
111,106,0.9749999999999999,Easy
111,185,0.33749999999999997,Hard
111,308,0.525,Normal
111,11,0.7749999999999999,Easy
111,281,0.8124999999999999,Easy
14,32,0.8999999999999999,Easy
14,187,0.6499999999999999,Normal
14,80,0.6000000000000001,Normal
14,314,0.65,Normal
14,306,0.9,Easy
14,211,0.7124999999999999,Easy
14,113,0.625,Normal
14,208,0.875,Easy
14,56,0.43749999999999994,Normal
14,254,0.625,Normal
14,305,0.525,Normal
14,221,0.7374999999999999,Easy
14,20,0.7375,Easy
14,176,0.7249999999999999,Easy
14,204,0.9,Easy
14,86,0.38749999999999996,Hard
14,29,0.325,Hard
14,15,0.38749999999999996,Hard
14,249,0.5375,Normal
14,243,0.1625,Hard
14,193,0.8624999999999999,Easy
14,55,0.4375,Normal
14,235,0.5125,Normal
14,101,0.3125,Hard
14,301,0.6749999999999999,Normal
14,144,0.4375,Normal
14,7,0.95,Easy
14,106,0.475,Normal
14,185,0.7124999999999999,Easy
14,308,0.725,Easy
14,11,0.625,Normal
14,281,0.5249999999999999,Normal
32,187,0.7499999999999999,Easy
32,80,0.49999999999999994,Normal
32,314,0.5249999999999999,Normal
32,306,0.85,Easy
32,211,0.6125,Normal
32,113,0.7749999999999999,Easy
32,208,0.9749999999999999,Easy
32,56,0.5375,Normal
32,254,0.49999999999999994,Normal
32,305,0.425,Normal
32,221,0.8375,Easy
32,20,0.8625,Easy
32,176,0.8249999999999998,Easy
32,204,0.9,Easy
32,86,0.33749999999999997,Hard
32,29,0.24999999999999997,Hard
32,15,0.33749999999999997,Hard
32,249,0.4124999999999999,Normal
32,243,0.1625,Hard
32,193,0.8624999999999999,Easy
32,55,0.33749999999999997,Hard
32,235,0.38749999999999996,Hard
32,101,0.21250000000000002,Hard
32,301,0.7749999999999999,Easy
32,144,0.33749999999999997,Hard
32,7,0.825,Easy
32,106,0.35000000000000003,Hard
32,185,0.6125,Normal
32,308,0.725,Easy
32,11,0.5499999999999999,Normal
32,281,0.475,Normal
187,80,0.325,Hard
187,314,0.30000000000000004,Hard
187,306,0.8374999999999999,Easy
187,211,0.85,Easy
187,113,0.6375000000000001,Normal
187,208,0.8375,Easy
187,56,0.33749999999999997,Hard
187,254,0.30000000000000004,Hard
187,305,0.24999999999999997,Hard
187,221,0.9999999999999999,Easy
187,20,0.6125,Normal
187,176,0.9249999999999999,Easy
187,204,0.7749999999999999,Easy
187,86,0.425,Normal
187,29,0.1625,Hard
187,15,0.1625,Hard
187,249,0.2625,Hard
187,243,0.33749999999999997,Hard
187,193,0.6625,Normal
187,55,0.1625,Hard
187,235,0.2125,Hard
187,101,0.38749999999999996,Hard
187,301,0.5625,Normal
187,144,0.425,Normal
187,7,0.7,Normal
187,106,0.2125,Hard
187,185,0.7625,Easy
187,308,0.7124999999999999,Easy
187,11,0.35000000000000003,Hard
187,281,0.1625,Hard
80,314,0.9249999999999999,Easy
80,306,0.6,Normal
80,211,0.3625,Hard
80,113,0.32499999999999996,Hard
80,208,0.5249999999999999,Normal
80,56,0.7874999999999999,Easy
80,254,0.9249999999999999,Easy
80,305,0.875,Easy
80,221,0.325,Hard
80,20,0.33749999999999997,Hard
80,176,0.325,Hard
80,204,0.6,Normal
80,86,0.7374999999999999,Easy
80,29,0.6499999999999999,Normal
80,15,0.7374999999999999,Easy
80,249,0.8375,Easy
80,243,0.5125,Normal
80,193,0.4124999999999999,Normal
80,55,0.7875,Easy
80,235,0.8125,Easy
80,101,0.6125,Normal
80,301,0.27499999999999997,Hard
80,144,0.7875,Easy
80,7,0.525,Normal
80,106,0.7499999999999999,Easy
80,185,0.3625,Hard
80,308,0.42500000000000004,Normal
80,11,0.9749999999999999,Easy
80,281,0.825,Easy
314,306,0.525,Normal
314,211,0.33749999999999997,Hard
314,113,0.24999999999999997,Hard
314,208,0.49999999999999994,Normal
314,56,0.7625,Easy
314,254,0.9749999999999999,Easy
314,305,0.875,Easy
314,221,0.38749999999999996,Hard
314,20,0.4125,Normal
314,176,0.35000000000000003,Hard
314,204,0.525,Normal
314,86,0.7374999999999999,Easy
314,29,0.6749999999999999,Normal
314,15,0.7374999999999999,Easy
314,249,0.8875,Easy
314,243,0.5125,Normal
314,193,0.43749999999999994,Normal
314,55,0.7875,Easy
314,235,0.8624999999999999,Easy
314,101,0.6875,Normal
314,301,0.3,Hard
314,144,0.7875,Easy
314,7,0.55,Normal
314,106,0.8249999999999998,Easy
314,185,0.33749999999999997,Hard
314,308,0.35000000000000003,Hard
314,11,0.9749999999999999,Easy
314,281,0.8999999999999999,Easy
306,211,0.75,Easy
306,113,0.6375,Normal
306,208,0.925,Easy
306,56,0.4,Hard
306,254,0.525,Normal
306,305,0.475,Normal
306,221,0.8125,Easy
306,20,0.6499999999999999,Normal
306,176,0.8125,Easy
306,204,0.9999999999999999,Easy
306,86,0.33749999999999997,Hard
306,29,0.1625,Hard
306,15,0.24999999999999997,Hard
306,249,0.4,Hard
306,243,0.1625,Hard
306,193,0.725,Easy
306,55,0.30000000000000004,Hard
306,235,0.30000000000000004,Hard
306,101,0.2625,Hard
306,301,0.625,Normal
306,144,0.475,Normal
306,7,0.9249999999999999,Easy
306,106,0.35000000000000003,Hard
306,185,0.6625000000000001,Normal
306,308,0.7374999999999999,Easy
306,11,0.6000000000000001,Normal
306,281,0.33749999999999997,Hard
211,113,0.5625,Normal
211,208,0.7249999999999999,Easy
211,56,0.2875,Hard
211,254,0.33749999999999997,Hard
211,305,0.2625,Hard
211,221,0.7374999999999999,Easy
211,20,0.5375,Normal
211,176,0.875,Easy
211,204,0.6125,Normal
211,86,0.38749999999999996,Hard
211,29,0.2125,Hard
211,15,0.2125,Hard
211,249,0.3125,Hard
211,243,0.425,Normal
211,193,0.6125,Normal
211,55,0.2625,Hard
211,235,0.28750000000000003,Hard
211,101,0.6000000000000001,Normal
211,301,0.5625,Normal
211,144,0.4375,Normal
211,7,0.6125,Normal
211,106,0.33749999999999997,Hard
211,185,0.9125,Easy
211,308,0.6625000000000001,Normal
211,11,0.38749999999999996,Hard
211,281,0.2375,Hard
113,208,0.6625000000000001,Normal
113,56,0.575,Normal
113,254,0.24999999999999997,Hard
113,305,0.24999999999999997,Hard
113,221,0.6375000000000001,Normal
113,20,0.9249999999999999,Easy
113,176,0.6375000000000001,Normal
113,204,0.7249999999999999,Easy
113,86,0.1625,Hard
113,29,0.425,Normal
113,15,0.425,Normal
113,249,0.38749999999999996,Hard
113,243,0.1625,Hard
113,193,0.8125,Easy
113,55,0.425,Normal
113,235,0.36249999999999993,Hard
113,101,0.1625,Hard
113,301,0.9,Easy
113,144,0.1625,Hard
113,7,0.6499999999999999,Normal
113,106,0.44999999999999996,Normal
113,185,0.5625,Normal
113,308,0.8999999999999999,Easy
113,11,0.3,Hard
113,281,0.24999999999999997,Hard
208,56,0.475,Normal
208,254,0.4124999999999999,Normal
208,305,0.425,Normal
208,221,0.8375,Easy
208,20,0.725,Easy
208,176,0.8875,Easy
208,204,0.8374999999999999,Easy
208,86,0.425,Normal
208,29,0.1625,Hard
208,15,0.24999999999999997,Hard
208,249,0.325,Hard
208,243,0.1625,Hard
208,193,0.7999999999999998,Easy
208,55,0.24999999999999997,Hard
208,235,0.3,Hard
208,101,0.27499999999999997,Hard
208,301,0.6125,Normal
208,144,0.425,Normal
208,7,0.875,Easy
208,106,0.2375,Hard
208,185,0.6375,Normal
208,308,0.6625000000000001,Normal
208,11,0.5499999999999999,Normal
208,281,0.36249999999999993,Hard
56,254,0.7374999999999999,Easy
56,305,0.6875,Normal
56,221,0.3125,Hard
56,20,0.55,Normal
56,176,0.3625,Hard
56,204,0.5375,Normal
56,86,0.5125,Normal
56,29,0.775,Easy
56,15,0.775,Easy
56,249,0.875,Easy
56,243,0.5125,Normal
56,193,0.625,Normal
56,55,0.775,Easy
56,235,0.85,Easy
56,101,0.5875,Normal
56,301,0.5249999999999999,Normal
56,144,0.5125,Normal
56,7,0.4375,Normal
56,106,0.85,Easy
56,185,0.2875,Hard
56,308,0.625,Normal
56,11,0.8624999999999999,Easy
56,281,0.7125,Easy
254,305,0.875,Easy
254,221,0.30000000000000004,Hard
254,20,0.4125,Normal
254,176,0.35000000000000003,Hard
254,204,0.475,Normal
254,86,0.6499999999999999,Normal
254,29,0.7,Normal
254,15,0.7374999999999999,Easy
254,249,0.9125,Easy
254,243,0.5625,Normal
254,193,0.4124999999999999,Normal
254,55,0.8125,Easy
254,235,0.8875,Easy
254,101,0.7374999999999999,Easy
254,301,0.38749999999999996,Hard
254,144,0.7875,Easy
254,7,0.575,Normal
254,106,0.8875,Easy
254,185,0.3125,Hard
254,308,0.35000000000000003,Hard
254,11,0.95,Easy
254,281,0.8999999999999999,Easy
305,221,0.33749999999999997,Hard
305,20,0.33749999999999997,Hard
305,176,0.24999999999999997,Hard
305,204,0.425,Normal
305,86,0.8375,Easy
305,29,0.7,Normal
305,15,0.7875,Easy
305,249,0.7374999999999999,Easy
305,243,0.6125,Normal
305,193,0.33749999999999997,Hard
305,55,0.8375,Easy
305,235,0.8375,Easy
305,101,0.6125,Normal
305,301,0.24999999999999997,Hard
305,144,0.8375,Easy
305,7,0.475,Normal
305,106,0.7,Normal
305,185,0.2625,Hard
305,308,0.24999999999999997,Hard
305,11,0.825,Easy
305,281,0.9249999999999999,Easy
221,20,0.6125,Normal
221,176,0.9249999999999999,Easy
221,204,0.7749999999999999,Easy
221,86,0.425,Normal
221,29,0.1625,Hard
221,15,0.1625,Hard
221,249,0.2625,Hard
221,243,0.33749999999999997,Hard
221,193,0.6625,Normal
221,55,0.1625,Hard
221,235,0.1625,Hard
221,101,0.38749999999999996,Hard
221,301,0.5625,Normal
221,144,0.425,Normal
221,7,0.7875,Easy
221,106,0.2125,Hard
221,185,0.6499999999999999,Normal
221,308,0.6875,Normal
221,11,0.38749999999999996,Hard
221,281,0.24999999999999997,Hard
20,176,0.6625000000000001,Normal
20,204,0.7875,Easy
20,86,0.1625,Hard
20,29,0.475,Normal
20,15,0.425,Normal
20,249,0.5499999999999999,Normal
20,243,0.1625,Hard
20,193,0.925,Easy
20,55,0.44999999999999996,Normal
20,235,0.475,Normal
20,101,0.23750000000000002,Hard
20,301,0.925,Easy
20,144,0.1625,Hard
20,7,0.7874999999999999,Easy
20,106,0.475,Normal
20,185,0.5375,Normal
20,308,0.825,Easy
20,11,0.36249999999999993,Hard
20,281,0.4125,Normal
176,204,0.7749999999999999,Easy
176,86,0.425,Normal
176,29,0.1875,Hard
176,15,0.1625,Hard
176,249,0.3125,Hard
176,243,0.33749999999999997,Hard
176,193,0.7374999999999999,Easy
176,55,0.1625,Hard
176,235,0.2875,Hard
176,101,0.43749999999999994,Normal
176,301,0.6375,Normal
176,144,0.425,Normal
176,7,0.725,Easy
176,106,0.2875,Hard
176,185,0.7874999999999999,Easy
176,308,0.6875,Normal
176,11,0.4,Hard
176,281,0.3,Hard
204,86,0.24999999999999997,Hard
204,29,0.24999999999999997,Hard
204,15,0.33749999999999997,Hard
204,249,0.4375,Normal
204,243,0.1625,Hard
204,193,0.8625,Easy
204,55,0.38749999999999996,Hard
204,235,0.4124999999999999,Normal
204,101,0.2125,Hard
204,301,0.7625,Easy
204,144,0.33749999999999997,Hard
204,7,0.9249999999999999,Easy
204,106,0.38749999999999996,Hard
204,185,0.6625000000000001,Normal
204,308,0.8249999999999998,Easy
204,11,0.575,Normal
204,281,0.425,Normal
86,29,0.6625,Normal
86,15,0.6625,Normal
86,249,0.5625,Normal
86,243,0.7,Normal
86,193,0.1625,Hard
86,55,0.6125,Normal
86,235,0.6125,Normal
86,101,0.7875,Easy
86,301,0.1625,Hard
86,144,0.9249999999999999,Easy
86,7,0.33749999999999997,Hard
86,106,0.5625,Normal
86,185,0.30000000000000004,Hard
86,308,0.1625,Hard
86,11,0.7374999999999999,Easy
86,281,0.7499999999999999,Easy
29,15,0.9249999999999999,Easy
29,249,0.7375,Easy
29,243,0.6625,Normal
29,193,0.36249999999999993,Hard
29,55,0.925,Easy
29,235,0.8125,Easy
29,101,0.6125,Normal
29,301,0.44999999999999996,Normal
29,144,0.6375000000000001,Normal
29,7,0.32499999999999996,Hard
29,106,0.85,Easy
29,185,0.2125,Hard
29,308,0.425,Normal
29,11,0.6499999999999999,Normal
29,281,0.7999999999999998,Easy
15,249,0.825,Easy
15,243,0.6625,Normal
15,193,0.425,Normal
15,55,0.875,Easy
15,235,0.875,Easy
15,101,0.6125,Normal
15,301,0.425,Normal
15,144,0.6125,Normal
15,7,0.33749999999999997,Hard
15,106,0.825,Easy
15,185,0.2125,Hard
15,308,0.425,Normal
15,11,0.7374999999999999,Easy
15,281,0.8375,Easy
249,243,0.5125,Normal
249,193,0.55,Normal
249,55,0.9,Easy
249,235,0.925,Easy
249,101,0.6875,Normal
249,301,0.475,Normal
249,144,0.5625,Normal
249,7,0.5375,Normal
249,106,0.9749999999999999,Easy
249,185,0.3125,Hard
249,308,0.4375,Normal
249,11,0.8625,Easy
249,281,0.8999999999999999,Easy
243,193,0.1625,Hard
243,55,0.5625,Normal
243,235,0.5625,Normal
243,101,0.825,Easy
243,301,0.1625,Hard
243,144,0.7,Normal
243,7,0.1625,Hard
243,106,0.5625,Normal
243,185,0.425,Normal
243,308,0.1625,Hard
243,11,0.5125,Normal
243,281,0.6125,Normal
193,55,0.425,Normal
193,235,0.5249999999999999,Normal
193,101,0.2625,Hard
193,301,0.8999999999999999,Easy
193,144,0.1625,Hard
193,7,0.7875,Easy
193,106,0.5249999999999999,Normal
193,185,0.6125,Normal
193,308,0.8625,Easy
193,11,0.5125,Normal
193,281,0.475,Normal
55,235,0.9249999999999999,Easy
55,101,0.6875,Normal
55,301,0.425,Normal
55,144,0.7124999999999999,Easy
55,7,0.43749999999999994,Normal
55,106,0.875,Easy
55,185,0.2625,Hard
55,308,0.475,Normal
55,11,0.7875,Easy
55,281,0.7875,Easy
235,101,0.7374999999999999,Easy
235,301,0.5,Normal
235,144,0.6625,Normal
235,7,0.4124999999999999,Normal
235,106,0.9999999999999999,Easy
235,185,0.28750000000000003,Hard
235,308,0.38749999999999996,Hard
235,11,0.8374999999999999,Easy
235,281,0.95,Easy
101,301,0.21250000000000002,Hard
101,144,0.7,Normal
101,7,0.28750000000000003,Hard
101,106,0.7374999999999999,Easy
101,185,0.6000000000000001,Normal
101,308,0.2125,Hard
101,11,0.6375000000000001,Normal
101,281,0.6875,Normal
301,144,0.1625,Hard
301,7,0.625,Normal
301,106,0.5,Normal
301,185,0.5625,Normal
301,308,0.85,Easy
301,11,0.3,Hard
301,281,0.38749999999999996,Hard
144,7,0.4124999999999999,Normal
144,106,0.6125,Normal
144,185,0.35000000000000003,Hard
144,308,0.1625,Hard
144,11,0.7374999999999999,Easy
144,281,0.7499999999999999,Easy
7,106,0.375,Hard
7,185,0.6125,Normal
7,308,0.7499999999999999,Easy
7,11,0.5750000000000001,Normal
7,281,0.49999999999999994,Normal
106,185,0.33749999999999997,Hard
106,308,0.525,Normal
106,11,0.7999999999999998,Easy
106,281,0.8124999999999999,Easy
185,308,0.6625000000000001,Normal
185,11,0.38749999999999996,Hard
185,281,0.2375,Hard
308,11,0.375,Hard
308,281,0.24999999999999997,Hard
11,281,0.85,Easy
